WKT,ID,Spielplatz-Name,Groesse,Bereich,Ball,Skater,Streetball,Rechtswert,Hochwert
POINT (3405248 5759252),1,SP MÜHLENSTRASSE,3040,A+B/C,0,,,3405248,5759252
POINT (3405233 5759876),2,SP ÜBERWASSERSCHULE,800,B/C,0,,,3405233,5759876
POINT (3405162 5759564),3,SP WILMERGASSE,492,B/C,0,,,3405162,5759564
POINT (3405874 5760179),4,SP COERDEPLATZ,2377,A+B/C,0,,,3405874,5760179
POINT (3406053 5759948),5,SP MARTINISCHULE,776,B/c,0,,,3406053,5759948
POINT (3404575 5758506),6,SP SCHARNHORSTSTRASSE,1072,B/C,0,,,3404575,5758506
POINT (3404976 5758568),7,SP KÖRNERSTRASSE,615,B/C,0,,,3404976,5758568
POINT (3405236 5758969),8,SP AM KANONENGRABEN,1839,B/C,0,,,3405236,5758969
POINT (3406002 5758355),9,SP FRIEDRICH-EBERT-STRASSE (STREETBALLPLATZ),932,B/C,1,,ja,3406002,5758355
POINT (3405458 5758321),10,SP JOSEFSCHULE,950,B/C,0,,Balltrichter,3405458,5758321
POINT (3405953 5759050),11,SP ENGELENSCHANZE,140,C,0,,,3405953,5759050
POINT (3406225 5759394),12,SP SERVATIIPLATZ,764,B/C,0,,,3406225,5759394
POINT (3406675 5758738),13,SP ELISABETH-KIRCHPLATZ,886,B/C,0,,,3406675,5758738
POINT (3406917 5758786),14,SP HANSAPLATZ,3300,A+B/C,2,,,3406917,5758786
POINT (3406421 5758629),15,SP SOESTER STRASSE,888,B/C,0,,,3406421,5758629
POINT (3406476 5759004),16,SP BREMER PLATZ,600,B/C,0,,,3406476,5759004
POINT (3406913 5759289),17,SP BODELSCHWINGHSCHULE,422,B/C,0,,,3406913,5759289
POINT (3406851 5759913),18,SP STAUFENSTRASSE,473,B/C,0,,,3406851,5759913
POINT (3407055 5759567),19,SP OSTSTRASSE,2608,A+B/C,0,,,3407055,5759567
POINT (3406700 5759258),20,SP ZUMSANDEPLATZ,2392,A+B/C,2,,,3406700,5759258
POINT (3406624 5759117),21,SP DIEPENBROCKSTRASSE,729,B/C,0,,,3406624,5759117
POINT (3406989 5759740),22,SP HAVICHHORSTSTRASSE,385,B/C,0,,,3406989,5759740
POINT (3406791 5760392),23,SP ALSENSTRASSE,1505,B/C,0,,,3406791,5760392
POINT (3406122 5760471),24,SP MAXIMILIANSTRASSE-SÜD,740,B/C,0,,,3406122,5760471
POINT (3406116 5760590),25,SP MAXIMILIANSTRASSE-NORD,500,B/C,0,,,3406116,5760590
POINT (3406484 5760633),26,SP VINZENSWEG,2302,B/C,2,,ja,3406484,5760633
POINT (3406058 5760355),27,SP ZEPPELINSTRASSE,508,B/C,0,,,3406058,5760355
POINT (3406234 5760694),28,SP RJASANSTRASSE,3395,A,0,,,3406234,5760694
POINT (3406532 5759705),29,SP JOHANNE-WALHORN-WEG,580,B/C,0,,,3406532,5759705
POINT (3405106 5760178),30,SP KLEIMANNSTRASSE,1660,A+B/C,0,,,3405106,5760178
POINT (3405368 5760244),31,SP KREUZSCHANZE,1382,B/C,0,,,3405368,5760244
POINT (3405852 5760281),32,SP COERDEPLATZ             (BALLSPIELPLATZ),560,A+B/C,1,,,3405852,5760281
POINT (3405757 5760421),33,SP MARTIN-LUTHER-SCHULE,500,B/C,0,,,3405757,5760421
POINT (3405832 5760870),34,SP TANNENBERGSTRASSE,963,B/C,2,,,3405832,5760870
POINT (3404982 5760618),35,SP MELCHERSSTRASSE,2075,B/C,0,,ja,3404982,5760618
POINT (3405540 5760823),36,SP WICHERNSTRASSE,1510,B/C,0,,,3405540,5760823
POINT (3405012 5760756),37,SP MARTIN-NIEMÖLLER-PARK,5100,A+B/C,2,,,3405012,5760756
POINT (3405116 5760304),38,SP STUDTSTRASSE,819,B/C,0,,,3405116,5760304
POINT (3404635 5760608),39,SP GASSELSTIEGE - SÜD,590,B/C,0,,,3404635,5760608
POINT (3404547 5760820),40,SP GASSELSTIEGE - NORD,681,B/C,0,,,3404547,5760820
POINT (3404684 5759484),41,SP ALTER ZOO,2380,A+B/C,2,,,3404684,5759484
POINT (3404578 5760137),42,SP WILHELMSTRASSE,4269,A+B/C,2,,,3404578,5760137
POINT (3403876 5757413),43,SP VON-OSSIETZKY-STRASSE,1790,A+B/C,0,,,3403876,5757413
POINT (3403962 5757922),44,SP AASEE: MECKLENBECKER STRASSE,866,B/C,0,,,3403962,5757922
POINT (3404519 5757550),45,SP WESELER STRASSE,3330,A,2,,,3404519,5757550
POINT (3404545 5757813),46,SP DUNANTSTRASSE,1023,B/C,0,,,3404545,5757813
POINT (3404362 5757742),47,SP AASEEMARKT,1500,B/C,0,,,3404362,5757742
POINT (3404024 5757701),48,SP KLAUSENERSTRASSE 43,263,C,0,,,3404024,5757701
POINT (3404056 5757754),49,SP KLAUSENERSTRASSE 31,255,C,0,,,3404056,5757754
POINT (3404094 5757804),50,SP KLAUSENERSTRASSE 19,256,C,0,,,3404094,5757804
POINT (3403790 5757007),51,SP KLEIHORSTSTRASSE        (BALLSPIELPLATZ),1151,A+B/C,1,,,3403790,5757007
POINT (3403703 5757166),52,SP CANISIUSWEG,981,B/C,0,,,3403703,5757166
POINT (3403830 5756896),53,"SP KLEIHORSTSTRASSE, A-Bereich",3451,A,,,,3403830,5756896
POINT (3404293 5756936),54,SP RÜPINGSTRASSE,815,B/C,0,,,3404293,5756936
POINT (3404493 5756987),55,SP KAPPENBERGER DAMM,525,B/C,0,,,3404493,5756987
POINT (3404624 5756993),56,SP MATTHIAS-CLAUDIUS-SCHULE,329,B/C,0,,,3404624,5756993
POINT (3404759 5757286),57,SP GRÜNER GRUND,2199,B/C,2,,,3404759,5757286
POINT (3405326 5757524),58,SP TRINITATISKIRCHE,1160,B/C,0,,,3405326,5757524
POINT (3404806 5757705),59,SP PARK SENTMARING         (BALLSPIELPLATZ),750,A+B/C,1,,,3404806,5757705
POINT (3404809 5756791),60,SP GUT INSEL,6086,A+B/C,2,,ja,3404809,5756791
POINT (3405268 5756987),61,SP GEISTSCHULE,2000,B/C,0,,ja,3405268,5756987
POINT (3405280 5757839),62,SP STEVENINKSTRASSE,1836,B/C,0,,,3405280,5757839
POINT (3405088 5757253),63,SP FREIBURGER WEG,668,B/C,0,,,3405088,5757253
POINT (3405874 5758097),64,SP SÜDPARK,15765,A+B/C,2,,,3405874,5758097
POINT (3405650 5757005),65,SP SCHEIBENSTRASSE,790,B/C,0,,ja,3405650,5757005
POINT (3405604 5757500),66,SP DAHLWEG,4474,A+B/C,2,,,3405604,5757500
POINT (3405717 5757770),67,SP HERDINGSTRASSE,1784,B/C,0,,,3405717,5757770
POINT (3405482 5757721),68,SP SCHÜTZENHOF,1613,B/C,2,,ja,3405482,5757721
POINT (3405662 5758167),69,SP TRAINKASERNE,4556,B/C,2,,,3405662,5758167
POINT (3404506 5755907),70,SP HOHER HAINWEG,1000,B/C,2,,,3404506,5755907
POINT (3404402 5756036),71,SP DÜESBERGWEG,1700,A,0,,,3404402,5756036
POINT (3404005 5755806),72,SP DRENSTEINFURTWEG,1460,B/C,0,,,3404005,5755806
POINT (3405054 5755946),73,SP STERNBUSCH,2700,A,0,,,3405054,5755946
POINT (3403700 5755485),74,SP WERNEWEG,300,C,0,,,3403700,5755485
POINT (3403618 5755581),75,SP GALGENHEIDE,472,B/C,0,,,3403618,5755581
POINT (3404029 5756065),76,SP SEPPENRADEWEG,719,B/C,0,,,3404029,5756065
POINT (3404584 5756441),77,SP GOTTFRIED-VON-CAPPENBERG-SCHULE,480,B/C,0,,,3404584,5756441
POINT (3405397 5756652),78,SP SPICHERNSTRASSE,2150,A+B/C,2,,,3405397,5756652
POINT (3405696 5756748),79,SP FRITZ-PÜTTER-STRASSE,634,B/C,0,,,3405696,5756748
POINT (3404075 5756354),80,SP RINKERODEWEG,417,B/C,0,,,3404075,5756354
POINT (3405203 5756211),81,SP WERLANDSTRASSE,647,B/C,0,,,3405203,5756211
POINT (3407287 5758599),82,SP HUBERTISTRASSE,2942,A+B/C,2,,,3407287,5758599
POINT (3407342 5758819),83,SP BRUNOSTRASSE,1000,B/C,0,,,3407342,5758819
POINT (3407167 5758945),84,SP MINDENER STRASSE,1004,B/C,2,,ja,3407167,5758945
POINT (3407759 5759212),85,SP ALBERT-SCHWEITZER-SCHULE,430,B/C,0,,ja,3407759,5759212
POINT (3407482 5758648),86,SP LIBORISTRASSE,1290,C,0,,,3407482,5758648
POINT (3407287 5758413),87,SP SCHILLERSTRASSE,3000,A+B/C,2,,,3407287,5758413
POINT (3407853 5759391),88,SP MAURITZ-LINDENWEG,1612,A+B/C,0,,ja,3407853,5759391
POINT (3407764 5760374),89,SP ELBESTRASSE,1425,B/C,0,,,3407764,5760374
POINT (3407475 5760382),90,SP WIENER STRASSE,761,B/C,2,,,3407475,5760382
POINT (3408033 5760468),91,SP WESER-LIPPE-STRASSE,1912,B/C,2,,,3408033,5760468
POINT (3407695 5760668),92,SP PÖTTERHOEK,1364,B/C,0,,,3407695,5760668
POINT (3408128 5760144),93,SP ADMIRAL-SPEE-STRASSE,950,B/C,0,,,3408128,5760144
POINT (3407881 5759640),94,SP ZUM GUTEN HIRTEN,1043,B/C,0,,,3407881,5759640
POINT (3407038 5760631),95,SP STETTINER STRASSE,1152,B/C,0,,,3407038,5760631
POINT (3407415 5761300),96,SP HOPPENGARTEN-NORD      (BALLSPIELPLATZ),685,A+B/C,1,,,3407415,5761300
POINT (3407006 5761238),97,SP KÖSLINER STRASSE,1580,B/C,0,,,3407006,5761238
POINT (3407527 5761571),98,SP MARKWEG,407,B/C,0,,,3407527,5761571
POINT (3406812 5761580),99,SP VIVALDI-STRASSE,1866,B/C,0,,,3406812,5761580
POINT (3406862 5761797),100,SP GLUCKWEG,2230,A+B/C,2,,,3406862,5761797
POINT (3406955 5760927),101,SP THOMAS-MORUS-SCHULE,517,B/C,0,,Balltrichter,3406955,5760927
POINT (3407336 5760933),102,SP HOPPENGARTEN-SÜD,2965,A,0,,,3407336,5760933
POINT (3407172 5761851),103,SP HACKLENBURG,838,B/C,0,,,3407172,5761851
POINT (3404909 5760986),104,SP DREIFALTIGKEITSSCHULE,959,B/C,0,,Balltrichter,3404909,5760986
POINT (3404463 5761082),105,SP RIGAWEG,1719,B/C,0,,,3404463,5761082
POINT (3404522 5761892),106,SP VON-EINEM-STRASSE,1743,A+B/C,2,,,3404522,5761892
POINT (3404887 5762074),107,SP NIENKAMP,1538,B/C,2,,,3404887,5762074
POINT (3406006 5761116),108,SP FALGERSTRASSE,1600,B/C,2,,,3406006,5761116
POINT (3404812 5761218),109,SP JAHNSTRASSE,549,B/C,0,,,3404812,5761218
POINT (3405716 5761483),110,SP STADTPARK WIENBURG,6000,A,2,ja,,3405716,5761483
POINT (3404593 5762062),111,SP DREIZEHNERSTRASSE,1475,A,0,,,3404593,5762062
POINT (3404598 5762196),112,SP FRESNOSTRASSE          (BALLSPIELPLATZ),1055,A,1,,ja,3404598,5762196
POINT (3402439 5759971),113,SP POTSTIEGE,1021,B/C,0,,,3402439,5759971
POINT (3402239 5761234),114,SP AM BREILBUSCH,334,C,0,ja,,3402239,5761234
POINT (3402849 5759705),115,SP MÖLLMANNSWEG,3000,A+B/C,2,ja,ja,3402849,5759705
POINT (3401833 5760705),116,SP GIEVENBACHTAL,1237,A+B/C,0,,,3401833,5760705
POINT (3401200 5761057),117,SP BRUCHFELDWEG,485,B/C,0,,,3401200,5761057
POINT (3402358 5760678),118,SP BESSELWEG,500,B/C,0,,,3402358,5760678
POINT (3402322 5760901),119,SP SCHÖPPINGENWEG,417,B/C,0,,,3402322,5760901
POINT (3402048 5761005),120,SP GESCHERWEG - WEST,820,B/C,0,,,3402048,5761005
POINT (3401997 5760381),121,SP BORGHORSTWEG            (BALLSPIELPLATZ),600,A+B/C,1,,,3401997,5760381
POINT (3402750 5760141),122,SP APPELBREISTIEGE,725,B/C,0,,,3402750,5760141
POINT (3401962 5761154),123,SP TOPPHEIDEWEG,5700,A+B/C,0,,,3401962,5761154
POINT (3401704 5761374),124,SP LEGDENWEG-OST,1480,B/C,0,,,3401704,5761374
POINT (3401351 5761262),125,SP LEGDENWEG-WEST,1489,B/C,0,ja,ja,3401351,5761262
POINT (3401514 5760378),126,SP GRONOWSKISTRASSE,2456,B/C,0,,,3401514,5760378
POINT (3401222 5760063),127,SP MERGELBERG-SÜD,3043,B/C,0,,,3401222,5760063
POINT (3401148 5760478),128,SP MERGELBERG-NORD,4500,A,0,ja,ja,3401148,5760478
POINT (3401821 5760011),129,SP GRÜNER FINGER,233,A,0,ja,ja,3401821,5760011
POINT (3401604 5759322),130,SP LINDENBREIE,1700,B/C,0,,,3401604,5759322
POINT (3403720 5760510),131,SP HORSTMARER LANDWEG,1225,B/C,2,,,3403720,5760510
POINT (3403350 5758583),132,SP AUF DEM DRAUN,2353,B/C,0,,,3403350,5758583
POINT (3403361 5760899),133,SP BENTELERSTRASSE,777,B/C,0,,,3403361,5760899
POINT (3403996 5758394),134,SP AASEE: TORMINBRÜCKE,1900,A,2,,,3403996,5758394
POINT (3403415 5758936),135,SP SENTRUPER HÖHE,800,A,1,,,3403415,5758936
POINT (3402891 5759376),136,SP SCHMEDDINGSTRASSE,,B/C,0,,,3402891,5759376
POINT (3402811 5755993),137,SP SCHÜRBUSCH,944,B/C,0,,,3402811,5755993
POINT (3401575 5755679),138,SP SCHWARZER KAMP,1333,B/C,0,,,3401575,5755679
POINT (3401795 5755809),139,SP SCHWARZER KAMP 2,619,B/C,0,,,3401795,5755809
POINT (3403308 5756609),140,SP OSSENKAMPSTIEGE,694,B/C,0,,,3403308,5756609
POINT (3401963 5756093),141,SP CHRISTOPH-BERNHARD-GRABEN (SP WESTENKAMP),3792,A,2,,,3401963,5756093
POINT (3401977 5754948),142,SP HEROLDSTRASSE,2700,A+B/C,2,,,3401977,5754948
POINT (3401403 5756189),143,SP AM DILL,785,B/C,0,,,3401403,5756189
POINT (3403455 5756541),144,SP TRESCKOWSTRASSE,800,B/C,0,,ja,3403455,5756541
POINT (3401915 5756395),145,SP LANDSCHAFTSPARK MECKLENBECK (SPORTZENTRUM),10934,A,0,ja,ja,3401915,5756395
POINT (3402251 5756247),146,SP AM HOF HESSELMANN,1494,B/C,0,,,3402251,5756247
POINT (3402271 5755855),147,SP AM HOF SCHULTMANN,700,B/C,0,,,3402271,5755855
POINT (3402388 5755726),148,SP MEYERBEERSTRASSE,1500,A,0,,ja,3402388,5755726
POINT (3398557 5755702),149,SP ALBACHTENER STRASSE,2430,A+B/C,2,,,3398557,5755702
POINT (3398182 5755747),150,SP FREIE FLUR,725,B/C,0,,,3398182,5755747
POINT (3398768 5755293),151,SP AM BLÜTENHAIN,681,B/C,0,,,3398768,5755293
POINT (3398973 5754866),152,SP AM TINNENBUSCH,635,B/C,0,,,3398973,5754866
POINT (3398672 5755084),153,SP AM KÄMPKEN,2757,A+B/C,2,,,3398672,5755084
POINT (3398456 5755398),154,SP WIERLING,1350,B/C,0,,,3398456,5755398
POINT (3398464 5754588),155,SP HAUS WIEK,2800,A,0,,ja,3398464,5754588
POINT (3400071 5758570),156,SP GOLDAPER STRASSE,3048,B/C,2,,,3400071,5758570
POINT (3399728 5758565),157,SP KÖSTERS KÄMPKEN,785,B/C,0,,,3399728,5758565
POINT (3399712 5758262),158,SP EICHENWEG SÜD,488,B/C,0,,,3399712,5758262
POINT (3399595 5758317),159,SP BUCHENWEG,477,B/C,0,,,3399595,5758317
POINT (3399142 5758596),160,SP SCHULTE-BERND-STRASSE,552,B/C,0,,,3399142,5758596
POINT (3399348 5758250),161,SP PAUL-GERHARDT-STRASSE,765,B/C,0,,,3399348,5758250
POINT (3399382 5758151),162,SP NOTTULNER LANDWEG,2000,A+B/C,2,,,3399382,5758151
POINT (3398833 5758644),163,SP KORBMACHERWEG,3268,A+B/C,0,,,3398833,5758644
POINT (3398908 5758887),164,SP SCHULZENTRUM ROXEL,255,B/C,0,,ja,3398908,5758887
POINT (3399110 5758880),165,SP MARIENSCHULE,500,B/C,0,,,3399110,5758880
POINT (3399469 5759038),166,SP IM SEIHOF,1925,,0,,,3399469,5759038
POINT (3400783 5763392),167,SP KURNEYSTRASSE / MÖRICKESTRASSE,1369,B/C,0,,,3400783,5763392
POINT (3400964 5763235),168,SP AM SPIEKER,1522,B/C,0,,,3400964,5763235
POINT (3401082 5762924),169,SP AM PASTORENBUSCH,3185,A,2,,ja,3401082,5762924
POINT (3400616 5762994),170,SP GUSTAV-FREYTAG- /ISOLDE-KURZ-STRASSE,557,B/C,0,,,3400616,5762994
POINT (3400564 5763074),171,SP GUSTAV-FREYTAG- /HEINRICH-VON-KLEIST-STRASSE,1821,B/C,2,,,3400564,5763074
POINT (3400573 5763464),172,SP VÖGEDINGPLATZ,3681,A+B/C,0,,,3400573,5763464
POINT (3400945 5763756),173,SP AM HAUS NIENBERGE,750,B/C,0,,,3400945,5763756
POINT (3401267 5763622),174,SP GARTENSTIEGE,1971,B/C,0,,,3401267,5763622
POINT (3401380 5766133),175,SP HÄGER,1038,B/C,0,,,3401380,5766133
POINT (3399989 5763201),176,SP WALTRUPER WEG,946,B/C,0,,,3399989,5763201
POINT (3406856 5762361),177,SP BREITE LINDEL           (BALLSPIELPLATZ),950,A+B/C,1,,,3406856,5762361
POINT (3406696 5762609),178,SP KEMPERWEG,2200,A+B/C,0,,,3406696,5762609
POINT (3406799 5763013),179,SP KÖNIGSBERGER STRASSE,2894,A+B/C,0,,,3406799,5763013
POINT (3406953 5763066),180,SP BRESLAUER STRASSE,2223,A+B/C,2,,,3406953,5763066
POINT (3407222 5763184),181,SP HAMANNPLATZ,2400,A+B/C,0,,,3407222,5763184
POINT (3406746 5763751),182,SP NERZWEG,4277,A+B/C,2,ja,ja,3406746,5763751
POINT (3407614 5762983),183,SP COERDESTIEGE,1954,B/C,0,,,3407614,5762983
POINT (3407691 5763117),184,SP AM EDELBACH,2111,A+B/C,0,,,3407691,5763117
POINT (3407199 5762246),185,SP MEERWIESE-SÜD,6660,A,2,,ja,3407199,5762246
POINT (3407955 5762966),186,SP SAMLANDUFER,2659,B/C,0,,,3407955,5762966
POINT (3407379 5762735),187,SP JOSEFINE-MAUSER-STRASSE,1696,B/C,0,,,3407379,5762735
POINT (3407366 5762508),188,SP MEERWIESE- MITTE,965,B/C,0,ja,,3407366,5762508
POINT (3407322 5763390),189,SP CULMER STRASSE,1265,A,,,,3407322,5763390
POINT (3404293 5762792),190,SP TREFF ALTHAUSWEG,1124,B/C,0,,ja,3404293,5762792
POINT (3404177 5762508),191,SP IM MOORHOOK,1200,B/C,0,,,3404177,5762508
POINT (3404328 5763165),192,SP AM BURLOH,750,B/C,0,,,3404328,5763165
POINT (3404208 5762902),193,SP ALTHAUSWEG,2000,A,0,,,3404208,5762902
POINT (3405171 5763504),194,SP MEMMERTWEG-NORD,1137,A,0,,,3405171,5763504
POINT (3405143 5763410),195,SP MEMMERTWEG-SÜD,1137,B/C,,,,3405143,5763410
POINT (3403537 5763911),196,SP BRÜNINGHEIDE,170,C,0,,,3403537,5763911
POINT (3403518 5763801),197,SP KILLINGSTRASSE,786,B/C,0,,,3403518,5763801
POINT (3403382 5763714),198,SP ARNETHSTRASSE,386,C,0,,,3403382,5763714
POINT (3403693 5763632),199,SP SPRICKMANNSTRASSE 10,350,C,0,,,3403693,5763632
POINT (3403596 5763624),200,SP CARLO-SCHMID-WEG,236,C,0,,,3403596,5763624
POINT (3403058 5762887),201,SP PAPENBUSCH,412,B/C,0,,,3403058,5762887
POINT (3403241 5763583),202,SP LANGEWORTH,645,B/C,0,,,3403241,5763583
POINT (3403231 5763829),203,SP ALTE SCHANZE,1030,B/C,0,,,3403231,5763829
POINT (3403428 5764005),204,SP HEITKÖTTERSWEG,515,B/C,0,,,3403428,5764005
POINT (3403841 5764172),205,SP NORDMARK                (BALLSPIELPLATZ),1125,A,1,,,3403841,5764172
POINT (3403677 5764090),206,SP MEINERTZSTRASSE,800,B/C,0,,,3403677,5764090
POINT (3404017 5764136),207,SP NORDMARK,3250,A,0,,,3404017,5764136
POINT (3404112 5763870),208,SP PESTALOZZISTRASSE,1060,B/C,2,,,3404112,5763870
POINT (3404021 5763671),209,SP FELDSTIEGENKAMP,1863,B/C,0,,,3404021,5763671
POINT (3404283 5763249),210,SP AM HAUPTZENTRUM KINDERHAUS,800,B/C,0,,,3404283,5763249
POINT (3403439 5763301),211,SP EIMERMACHERWEG,800,B/C,0,,,3403439,5763301
POINT (3403282 5763127),212,SP FERNHOLZSTRASSE,2100,A+B/C,2,,ja,3403282,5763127
POINT (3404102 5762864),213,SP MARTIN-NIEMÖLLER-STRASSE,800,B/C,0,,,3404102,5762864
POINT (3403721 5762677),214,SP KIRCHHOFFWEG,600,B/C,0,,,3403721,5762677
POINT (3403922 5762649),215,SP DAUVEMÜHLE,1138,B/C,0,,,3403922,5762649
POINT (3403635 5762518),216,SP WILKINGHEGE,1800,A,0,,,3403635,5762518
POINT (3405031 5768063),217,SP IN DER AU,900,B/C,0,,,3405031,5768063
POINT (3404957 5767555),218,SP FRITZ-REUTER-STRASSE,2092,B/C,0,,,3404957,5767555
POINT (3404903 5767702),219,SP PLUGGENHEIDE            (BALLSPIELPLATZ),1200,A,1,,,3404903,5767702
POINT (3405270 5767826),220,SP TÖMMERSWEG,1688,A?,0,,,3405270,5767826
POINT (3409026 5758563),221,SP VOSSBUSCH,1300,B/C,2,,,3409026,5758563
POINT (3408548 5758726),222,SP LAERER LANDWEG,1271,B/C,2,,ja,3408548,5758726
POINT (3408910 5758437),223,SP MARGARETENSCHULE,540,B/C,0,,ja,3408910,5758437
POINT (3409392 5759405),224,SP PARKALLEE,1462,B/C,0,,,3409392,5759405
POINT (3408789 5757953),225,SP HEGERSKAMP,2946,A+B/C,2,,,3408789,5757953
POINT (3408208 5759210),226,SP GALLENKAMP,727,B/C,0,,,3408208,5759210
POINT (3408712 5759010),227,SP HANS-BREDOW-WEG,5174,A,0,,,3408712,5759010
POINT (3407917 5758250),228,SP LÜTKENBECKER WEG,1500,A,2,,,3407917,5758250
POINT (3409221 5759627),229,SP AN DER KONRADKIRCHE,1000,B/C,0,,,3409221,5759627
POINT (3409185 5766983),230,SP WESTERHEIDE             (BALLSPIELPLATZ),800,B/C,1,,,3409185,5766983
POINT (3409131 5766891),231,SP WINKELHEIDE,1098,B/C,0,,,3409131,5766891
POINT (3408854 5766860),232,SP GELMERHEIDE,582,B/C,0,,,3408854,5766860
POINT (3410158 5763230),233,SP DYCKBURGSTRASSE,582,B/C,0,,,3410158,5763230
POINT (3410759 5761900),234,SP WERSEAUE,1014,B/C,0,,,3410759,5761900
POINT (3411413 5762499),235,SP MIDDELFELD,1917,B/C,0,,,3411413,5762499
POINT (3411970 5763979),236,SP AM HORNBACH,2666,A,2,ja,ja,3411970,5763979
POINT (3411716 5763758),237,SP TELGENWEG,1628,B/C,0,,,3411716,5763758
POINT (3411573 5763851),238,SP WACHOLDERWEG,748,B/C,0,,,3411573,5763851
POINT (3411096 5761739),239,SP DIEKBREE,700,B/C,0,,,3411096,5761739
POINT (3411206 5762101),240,SP WEDEMHOVE,700,B/C,0,,,3411206,5762101
POINT (3411234 5761820),241,SP TOMKOTTEN,2150,A,2,,ja,3411234,5761820
POINT (3411789 5764109),242,SP WILLINGROTT,880,B/C,0,,,3411789,5764109
POINT (3411683 5763388),243,"SP DREI EICHEN, NORD",742,B/C,0,,,3411683,5763388
POINT (3411626 5763239),244,"SP DREI EICHEN, MITTE",243,B/C,0,,,3411626,5763239
POINT (3411660 5763108),245,"SP DREI EICHEN,  BALLSPIELPLATZ",800,B/C,1,,,3411660,5763108
POINT (3407668 5757151),246,SP AM LÜTKEBACH,959,B/C,0,,,3407668,5757151
POINT (3407957 5756308),247,SP BIEDERLACKWEG,660,B/C,2,,ja,3407957,5756308
POINT (3407600 5755399),248,SP KRÖGERWEG,4571,A+B/C,2,,,3407600,5755399
POINT (3408824 5754826),249,SP FRANKENWEG,1231,B/C,0,,,3408824,5754826
POINT (3407220 5756433),250,SP IM FRIEDENSPARK LODDENHEIDE,1800,A,0,,,3407220,5756433
POINT (3408502 5754734),251,SP STREETBALLFLÄCHE NORMANNENWEG,260,B,0,,ja,3408502,5754734
POINT (3409357 5755987),252,SP KRANICHWEG,660,B/C,0,,,3409357,5755987
POINT (3409606 5755814),253,SP STARWEG,699,B/C,0,,,3409606,5755814
POINT (3409811 5755884),254,SP AGATHASTRASSE,991,B/C,0,,,3409811,5755884
POINT (3409992 5755699),255,SP ANGELMODDER WEG,1850,A,2,,,3409992,5755699
POINT (3408782 5756203),256,SP IDASCHULE,679,B/C,0,,,3408782,5756203
POINT (3409285 5756550),257,SP AM LODDENBACH           (BALLSPIELPLATZ),2060,A,1,,ja,3409285,5756550
POINT (3409284 5756359),258,SP ZWI-SCHULMANN-WEG,2000,B/C,0,,,3409284,5756359
POINT (3410990 5754464),259,SP UFERSTRASSE,444,B/C,0,,,3410990,5754464
POINT (3409967 5753855),260,SP OSTHUESHEIDE,497,B/C,0,,,3409967,5753855
POINT (3409344 5754993),261,SP BIRKENHEIDE II,2857,A,0,,,3409344,5754993
POINT (3409461 5755017),262,SP BIRKENHEIDE I           (BALLSPIELPLATZ),2534,A,1,,,3409461,5755017
POINT (3409391 5754516),263,SP VOGELROHRSHEIDE,1995,B/C,2,,ja,3409391,5754516
POINT (3410191 5754309),264,SP THEODOR-HEUSS-STRASSE,568,B/C,0,,,3410191,5754309
POINT (3410350 5754197),265,SP EICHENDORFFSCHULE,1139,B/C,0,,ja,3410350,5754197
POINT (3410111 5754479),266,SP BOELESTRASSE,3300,A,2,,,3410111,5754479
POINT (3410729 5754844),267,SP HAUS ANGELMODDE,915,B/C,0,,,3410729,5754844
POINT (3411829 5753660),268,SP BUXTRUP,2975,A,2,,ja,3411829,5753660
POINT (3412315 5753874),269,SP AN DER VOGELRUTE,797,B/C,0,,,3412315,5753874
POINT (3412723 5754027),270,SP JUFFERNKAMP,865,B/C,0,,,3412723,5754027
POINT (3412054 5753546),271,SP ANTON-AULKE-STRASSE,288,C,0,,,3412054,5753546
POINT (3411765 5754003),272,SP VON-HOLTE-STRASSE,645,B/C,0,,,3411765,5754003
POINT (3412967 5754480),273,SP HOFSTRASSE / STADTWIESE (BALLSPIELPLATZ),1107,A,1,,,3412967,5754480
POINT (3412276 5754651),274,SP DIRK-VON-MERVELDT-STRASSE,2082,A,2,,ja,3412276,5754651
POINT (3412657 5754266),275,SP AM STEINTOR,450,B/C,0,,,3412657,5754266
POINT (3411934 5754531),276,SP AM BERLER KAMP,1433,B/C,0,,,3411934,5754531
POINT (3412184 5755128),277,SP GOLDBRINK,785,B/C,0,,,3412184,5755128
POINT (3413342 5754655),278,SP ZUR WALBEKE,981,B/C,0,,,3413342,5754655
POINT (3412793 5754469),279,SP HERRENSTRASSE,432,B/C,0,,,3412793,5754469
POINT (3411926 5755060),280,SP KUPFERBRINK,1077,B/C,0,,,3411926,5755060
POINT (3413134 5755094),281,SP DABECKSKAMP,1285,B/C,0,,,3413134,5755094
POINT (3405043 5755788),282,SP AM NATURDENKMAL,1895,A,0,,,3405043,5755788
POINT (3405158 5755829),283,SP GIGASSTRASSE,899,B/C,0,,,3405158,5755829
POINT (3404963 5755623),284,SP LECHTERSTRASSE,491,B/C,0,,,3404963,5755623
POINT (3404984 5755553),285,SP RINCKLAKEWEG,1082,B/C,0,,,3404984,5755553
POINT (3405132 5755532),286,SP TER-BORCH-STRASSE,838,B/C,0,,,3405132,5755532
POINT (3405213 5755523),287,SP PICTORIUSSTRASSE (BEGEGNUNGSRAUM),1699,B/C,0,,,3405213,5755523
POINT (3404672 5755453),288,SP SÜDWESTSPITZE BERG FIDEL,3738,A+B/C,2,,,3404672,5755453
POINT (3406139 5754402),289,SP HOHE GEEST,2013,B/C,2,,,3406139,5754402
POINT (3408402 5753193),290,SP HOLSENKAMPWEG,677,B/C,0,,,3408402,5753193
POINT (3407580 5753662),291,SP PAPPELWEG,769,B/C,0,,,3407580,5753662
POINT (3407670 5753819),292,SP FICHTENWEG,2069,A,2,,ja,3407670,5753819
POINT (3408011 5753565),293,SP KIEBITZWEG,795,B/C,0,,,3408011,5753565
POINT (3408393 5752851),294,SP DAHLIENWEG,656,B/C,0,,,3408393,5752851
POINT (3408609 5752831),295,SP AM ROGGENKAMP,2919,A,2,,ja,3408609,5752831
POINT (3408692 5752600),296,SP FRANZ-MARC-WEG,625,B/C,0,,,3408692,5752600
POINT (3409043 5752656),297,SP EMIL-NOLDE-WEG,625,B/C,0,,,3409043,5752656
POINT (3409224 5752731),298,SP PAUL-KLEE-WEG,1000,B/C,2,,,3409224,5752731
POINT (3408900 5752849),299,SP RUBENSSTRASSE,425,B/C,0,,,3408900,5752849
POINT (3408838 5752964),300,SP EINKAUFSZENTRUM RUBENSSTRASSE,949,B/C,0,,,3408838,5752964
POINT (3408902 5753185),301,SP BOCKHORSTSTRASSE,486,B/C,0,,,3408902,5753185
POINT (3408079 5752978),302,SP TULPENWEG,748,B/C,0,,,3408079,5752978
POINT (3406943 5753505),303,SP BODELSCHWINGHSTRASSE,1012,B/C,0,,,3406943,5753505
POINT (3406515 5754144),304,SP IM DAHL,2664,A,2,,ja,3406515,5754144
POINT (3406544 5753551),305,SP MAX-REGER-STRASSE,914,B/C,0,,,3406544,5753551
POINT (3407436 5751053),306,SP HILTRUPER SEE,2918,A,2,,,3407436,5751053
POINT (3407197 5753090),307,SP HANSES-KETTELER-STRASSE,2598,A+B/C,2,,,3407197,5753090
POINT (3406863 5753048),308,SP AM KALVARIENBERG,816,B/C,0,,,3406863,5753048
POINT (3406897 5753883),309,SP VERDISTRASSE,1205,B/C,0,,,3406897,5753883
POINT (3406375 5753199),310,SP PATRONATSSTRASSE,550,B/C,0,,,3406375,5753199
POINT (3406814 5753310),311,SP KARDINALSTRASSE,2345,A+B/C,0,,,3406814,5753310
POINT (3405699 5752549),312,SP REHHAGEN,805,B/C,0,,,3405699,5752549
POINT (3405289 5753479),313,SP HÜNENBURG-SÜD,841,B/C,0,,,3405289,5753479
POINT (3405278 5753634),314,SP HÜNENBURG-MITTE,800,B/C,0,,,3405278,5753634
POINT (3405715 5752679),315,SP HÖLDERLINWEG,800,B/C,0,,,3405715,5752679
POINT (3406139 5752341),316,SP MALTESERSTRASSE,3100,A+B/C,2,,,3406139,5752341
POINT (3405656 5752965),317,SP RÜCKERTSTRASSE,446,B/C,0,,,3405656,5752965
POINT (3406038 5752856),318,SP HOFFMANN-VON-FALLERSLEBEN-WEG,575,B/C,0,,,3406038,5752856
POINT (3405846 5753439),319,SP FLEIGESTRASSE,270,C,0,,,3405846,5753439
POINT (3405949 5753221),320,SP AN DER ALTEN KIRCHE,4749,A,2,,ja,3405949,5753221
POINT (3405481 5752265),321,SP BAININGSTRASSE,2311,B/C,0,ja,ja,3405481,5752265
POINT (3405496 5753606),322,SP BERNHARD-POETHER-STRASSE,654,B/C,0,,,3405496,5753606
POINT (3405625 5753336),323,SP NISINGHOVERWEG,537,B/C,0,,,3405625,5753336
POINT (3405119 5753245),324,SP BÖTTCHERSTRASSE,1500,B/C,0,,,3405119,5753245
POINT (3405280 5752918),325,SP EINKAUFSZENTRUM MEESENSTIEGE,4460,A+B/C,2,,ja,3405280,5752918
POINT (3405234 5752168),326,SP WILHELM-SPIEKER-STRASSE,588,B/C,0,,,3405234,5752168
POINT (3404488 5750943),327,SP LANGE KUHLE,4349,A,2,,ja,3404488,5750943
POINT (3404189 5750564),328,SP KIRCHFELD,622,B/C,0,,,3404189,5750564
POINT (3404159 5750964),329,SP ALTE FURT,846,B/C,0,,ja,3404159,5750964
POINT (3403931 5750709),330,SP ARNIKAWEG,1560,B/C,0,,,3403931,5750709
POINT (3404474 5750261),331,SP WIEDEIKEN,830,B/C,0,,,3404474,5750261
POINT (3404193 5750162),332,SP TENGENKAMP,2908,B/C,0,,,3404193,5750162
